Gene ID	Gene Name	Reference	Strand	Start	End	Coverage	FPKM	TPM
MSTRG.4	-	SmelGIF_11.070	.	1	630	21.698412	5796.640137	3022.172852
MSTRG.2	-	SmelGIF_03	.	1	609	47.072250	12575.155273	6556.262207
MSTRG.3	-	SmelGIF_04	.	1	600	25.635000	6848.283203	3570.463867
MSTRG.1	-	SmelCyclo01	.	1	516	7085.333496	1892817.250000	986851.125000
MSTRG.5	.	SmelGIF_11.650	.	1	687	0.0	0.0	0.0
