Gene ID	Gene Name	Reference	Strand	Start	End	Coverage	FPKM	TPM
STRG.1	-	SmelGIF_11.070	.	1	630	21.698412	5796.640137	3022.172852
STRG.2	-	SmelGIF_03	.	1	609	47.072250	12575.155273	6556.262207
STRG.3	-	SmelGIF_04	.	1	600	25.635000	6848.283203	3570.463867
STRG.4	-	SmelCyclo01	.	1	516	7085.333496	1892817.250000	986851.125000
