Gene ID	Gene Name	Reference	Strand	Start	End	Coverage	FPKM	TPM
STRG.1	-	SmelGRF_02	.	321	1713	12.620244	2041.326538	1066.358276
STRG.2	-	SmelGRF_04	.	50	1797	4.930778	797.554138	416.630310
STRG.3	-	SmelGRF_05	.	35	1783	10.194397	1648.945435	861.384277
STRG.4	-	SmelGRF_08.800	.	1	1128	15.100178	2442.456055	1275.902466
STRG.5	-	SmelGRF_08.140	.	79	1548	11.229252	1816.333252	948.825256
STRG.6	-	SmelGRF_08.890	.	1	924	16.622293	2688.658936	1404.515015
STRG.7	-	SmelCyclo01	.	1	516	11764.203125	1902861.750000	994026.437500
