Gene ID	Gene Name	Reference	Strand	Start	End	Coverage	FPKM	TPM
MSTRG.4	-	SmelGIF_11.070	.	1	630	413.850800	92723.609375	49554.152344
MSTRG.5	-	SmelGIF_11.650	.	1	687	97.720528	21894.363281	11700.975586
MSTRG.2	-	SmelGIF_03	.	1	609	164.441711	36843.304688	19690.115234
MSTRG.3	-	SmelGIF_04	.	1	600	106.144997	23781.875000	12709.714844
MSTRG.1	-	SmelCyclo01	.	1	516	7569.327637	1695914.125000	906345.062500
