Gene ID	Gene Name	Reference	Strand	Start	End	Coverage	FPKM	TPM
STRG.1	-	SmelGIF_11.070	.	1	630	413.850800	92723.609375	49554.148438
STRG.2	-	SmelGIF_11.650	.	1	687	97.720528	21894.363281	11700.974609
STRG.3	-	SmelGIF_03	.	1	609	164.441711	36843.304688	19690.113281
STRG.4	-	SmelGIF_04	.	1	600	106.144997	23781.876953	12709.714844
STRG.5	-	SmelCyclo01	.	1	516	7569.327637	1695914.250000	906345.062500
