Gene ID	Gene Name	Reference	Strand	Start	End	Coverage	FPKM	TPM
STRG.1	-	SmelGRF_10.710	.	720	1028	19.579288	5229.584473	2745.869629
STRG.2	-	SmelGRF_04	.	42	1797	11.162870	2981.578125	1565.520874
STRG.3	-	SmelGRF_05	.	235	1783	5.898003	1575.343628	827.157104
STRG.4	-	SmelGRF_08.890	.	138	924	9.047014	2416.437744	1268.785645
STRG.5	-	SmelCyclo01	.	1	516	7084.763672	1892324.750000	993592.687500
