Gene ID	Gene Name	Reference	Strand	Start	End	Coverage	FPKM	TPM
MSTRG.4	-	SmelGIF_11.070	.	1	630	145.023804	52604.250000	28535.751953
MSTRG.5	-	SmelGIF_11.650	.	1	687	12.609899	4573.967773	2481.198975
MSTRG.2	-	SmelGIF_03	.	1	609	73.141212	26530.392578	14391.703125
MSTRG.3	-	SmelGIF_04	.	1	600	58.336666	21160.363281	11478.671875
MSTRG.1	-	SmelCyclo01	.	1	516	4793.067871	1738581.500000	943112.687500
