Gene ID	Gene Name	Reference	Strand	Start	End	Coverage	FPKM	TPM
STRG.1	-	SmelGIF_11.650	.	1	647	13.389490	4856.747559	2634.191895
STRG.2	-	SmelGIF_11.070	.	1	630	145.023804	52604.250000	28531.375000
STRG.3	-	SmelGIF_03	.	1	609	73.141212	26530.392578	14389.495117
STRG.4	-	SmelGIF_04	.	1	600	58.336666	21160.363281	11476.911133
STRG.5	-	SmelCyclo01	.	1	516	4793.067871	1738581.500000	942968.062500
