Gene ID	Gene Name	Reference	Strand	Start	End	Coverage	FPKM	TPM
STRG.1	-	SmelGIF_11.070	.	1	630	333.776184	47095.722656	25363.035156
STRG.2	-	SmelGIF_03	.	1	609	125.824303	17753.771484	9561.156250
STRG.3	-	SmelGIF_04	.	1	600	111.489998	15731.206055	8471.918945
STRG.4	-	SmelCyclo01	.	1	516	12588.856445	1776283.875000	956603.875000
