Gene ID	Gene Name	Reference	Strand	Start	End	Coverage	FPKM	TPM
MSTRG.5	-	SmelGIF_11.650	.	1	687	0.586608	82.770218	44.573269
MSTRG.4	-	SmelGIF_11.070	.	1	630	333.776184	47095.722656	25361.904297
MSTRG.2	-	SmelGIF_03	.	1	609	125.824303	17753.771484	9560.729492
MSTRG.3	-	SmelGIF_04	.	1	600	111.489998	15731.206055	8471.541016
MSTRG.1	-	SmelCyclo01	.	1	516	12588.856445	1776283.875000	956561.250000
