Gene ID	Gene Name	Reference	Strand	Start	End	Coverage	FPKM	TPM
STRG.1	-	SmelGRF_10.710	.	1	1023	6.665689	1413.891357	814.372803
STRG.2	-	SmelGRF_03	.	13	1437	9.543859	2024.393677	1166.009888
STRG.3	-	SmelGRF_03	+	13	1437	10.025600	2126.578125	1224.865845
STRG.4	-	SmelGRF_04	.	1	1797	129.192551	27403.652344	15783.949219
STRG.5	-	SmelGRF_05	.	3	1783	9.069708	1947.877319	1121.937866
STRG.6	-	SmelGRF_08.140	+	58	1537	19.222666	4077.411865	2348.506836
STRG.7	-	SmelGRF_08.890	.	1	924	29.604979	6279.654297	3616.953613
STRG.8	-	SmelCyclo01	.	1	516	7971.620117	1690898.750000	973923.437500
