Gene ID	Gene Name	Reference	Strand	Start	End	Coverage	FPKM	TPM
STRG.1	-	SmelGRF_10.710	.	729	1028	7.490000	1790.144775	980.399658
STRG.2	-	SmelGRF_10.940	.	556	840	7.119298	1701.545288	931.876831
STRG.3	-	SmelGRF_08.140	.	186	1548	5.476767	1308.972900	716.878601
STRG.4	-	SmelGRF_08.890	.	41	924	12.360860	2954.302979	1617.968384
STRG.5	-	SmelCyclo01	.	1	516	7588.224609	1818178.750000	995752.875000
