Gene ID	Gene Name	Reference	Strand	Start	End	Coverage	FPKM	TPM
STRG.1	-	SmelGRF_10.710	.	729	1028	7.490000	1752.290649	963.325989
STRG.2	-	SmelGRF_10.940	.	556	840	7.119298	1665.564697	915.648193
STRG.3	-	SmelGRF_08.140	.	186	1548	5.476767	1281.293457	704.394104
STRG.4	-	SmelGRF_08.890	.	41	924	12.360860	2891.831543	1589.791382
STRG.5	-	SmelGIF_03	.	1	609	85.149422	19920.767578	10951.490234
STRG.6	-	SmelGIF_04	.	1	600	50.255001	11757.191406	6463.544434
STRG.7	-	SmelCyclo01	.	1	516	7588.224609	1779731.875000	978411.812500
