Gene ID	Gene Name	Reference	Strand	Start	End	Coverage	FPKM	TPM
STRG.1	-	SmelGRF_10.710	.	720	1028	19.579288	5149.691895	2709.989990
STRG.2	-	SmelGRF_04	.	42	1797	11.162870	2936.028320	1545.064575
STRG.3	-	SmelGRF_05	.	235	1783	5.898003	1551.276978	816.348816
STRG.4	-	SmelGRF_08.890	.	138	924	9.047014	2379.521484	1252.206787
STRG.5	-	SmelGIF_11.070	.	1	630	21.698412	5707.058105	3003.300049
STRG.6	-	SmelGIF_03	.	1	609	47.072250	12380.817383	6515.319824
STRG.7	-	SmelGIF_04	.	1	600	25.635000	6742.449219	3548.167236
STRG.8	-	SmelCyclo01	.	1	516	7084.763672	1863415.500000	980609.625000
