Gene ID	Gene Name	Reference	Strand	Start	End	Coverage	FPKM	TPM
STRG.1	-	SmelDMP_01.990	.	1	537	7.521415	1692.454956	933.828186
STRG.2	-	SmelDMP_02_SMEL4.1_02g015810.1.01	.	1	590	5.615254	1263.534058	697.166992
STRG.3	-	Smel18s_06.900	.	1	966	73.093170	16447.289062	9074.949219
STRG.4	-	SmelCyclo_01	.	1	516	7968.158691	1792980.375000	989294.062500
