Gene ID	Gene Name	Reference	Strand	Start	End	Coverage	FPKM	TPM
STRG.1	-	SmelDMP_01.730	.	1	687	43.128094	4466.098633	2358.604492
STRG.2	-	SmelDMP_10.200	.	2	595	6.882997	716.619080	378.455780
STRG.3	-	Smel18s_06.900	.	1	966	85.776398	8822.662109	4659.361816
STRG.4	-	SmelCyclo_01	.	1	516	18273.310547	1879529.000000	992603.562500
