Gene ID	Gene Name	Reference	Strand	Start	End	Coverage	FPKM	TPM
STRG.1	-	SmelGRF_10.710	.	1	1032	17.944767	2761.130127	1500.068970
STRG.2	-	SmelGRF_02	.	1	1713	17.711617	2725.255615	1480.579102
STRG.3	-	SmelGRF_04	.	1	1797	59.583752	9185.344727	4990.221680
STRG.4	-	SmelGRF_07	.	28	983	6.049163	930.774170	505.671783
STRG.5	-	SmelGRF_08.800	.	324	1128	9.489441	1460.123779	793.257263
STRG.6	-	SmelGRF_08.140	.	634	1537	8.556415	1335.624023	725.618896
STRG.7	-	SmelGRF_09.160	.	488	1021	5.891386	906.497314	492.482635
STRG.8	-	SmelGRF_08.890	.	24	924	25.970034	3995.963867	2170.930664
STRG.9	-	SmelCyclo01	.	1	516	11811.193359	1817368.000000	987341.125000
