Gene ID	Gene Name	Reference	Strand	Start	End	Coverage	FPKM	TPM
STRG.1	-	SmelDMP_02_SMEL4.1_02g015810.1.01	.	5	630	4.769968	1280.361694	670.089294
STRG.2	-	Smel18s_06.900	.	1	966	39.103519	10496.222656	5493.296875
STRG.3	-	SmelCyclo_01	.	1	516	7074.532715	1898956.125000	993836.625000
