Gene ID	Gene Name	Reference	Strand	Start	End	Coverage	FPKM	TPM
STRG.1	-	SmelDMP_01.730	.	1	687	39.390102	11415.769531	5996.858398
STRG.2	-	Smel18s_06.900	.	51	966	52.674671	15265.812500	8019.337891
STRG.3	-	SmelCyclo_01	.	1	516	6476.391602	1876943.500000	985983.750000
