Gene ID	Gene Name	Reference	Strand	Start	End	Coverage	FPKM	TPM
STRG.1	-	SmelDMP_01.730	.	1	687	24.053858	7290.055176	3991.030762
STRG.2	-	SmelDMP_02_SMEL4.1_02g015810.1.01	.	1	630	11.006350	3335.718262	1826.180298
STRG.3	-	SmelDMP_01.990	.	1	537	1091.897583	330923.781250	181168.312500
STRG.4	-	SmelDMP_10.200	.	2	666	32.972900	10628.025391	5818.443848
STRG.5	-	SmelDMP_10.200_CDS1_Exon1	.	2	443	15.312217	4778.529297	2616.064941
STRG.6	-	SmelDMP10.200_Exon2	.	1	363	9.887053	2996.490723	1640.465820
STRG.7	-	Smel18s_06.900	.	1	966	45.702900	13851.278320	7583.052734
STRG.8	-	SmelCyclo_01	.	1	516	4793.596680	1452805.750000	795356.500000
