Gene ID	Gene Name	Reference	Strand	Start	End	Coverage	FPKM	TPM
STRG.1	-	SmelGIF_11.070	.	1	630	16.128571	2597.986084	1347.841553
STRG.2	-	SmelGIF_03	.	1	609	43.270935	6970.070312	3616.089844
STRG.3	-	SmelGIF_04	.	1	600	161.728333	26051.154297	13515.404297
STRG.4	-	SmelCyclo01	.	1	516	11745.094727	1891896.625000	981520.687500
