Gene ID	Gene Name	Reference	Strand	Start	End	Coverage	FPKM	TPM
MSTRG.5	-	SmelGIF_11.650	.	1	687	0.556041	89.566933	46.465389
MSTRG.4	-	SmelGIF_11.070	.	1	630	16.128571	2597.985596	1347.778931
MSTRG.2	-	SmelGIF_03	.	1	609	43.270935	6970.070312	3615.922119
MSTRG.3	-	SmelGIF_04	.	1	600	161.728348	26051.158203	13514.778320
MSTRG.1	-	SmelCyclo01	.	1	516	11745.093750	1891896.375000	981475.062500
