Gene ID	Gene Name	Reference	Strand	Start	End	Coverage	FPKM	TPM
STRG.1	-	SmelGIF_11.650	.	10	687	5.025074	779.082581	414.496887
STRG.2	-	SmelGIF_11.070	.	51	630	39.951725	6194.076172	3295.447021
STRG.3	-	SmelGIF_03	.	1	609	153.325119	23771.380859	12647.134766
STRG.4	-	SmelGIF_04	.	1	600	114.516670	17754.552734	9445.990234
STRG.5	-	SmelCyclo01	.	1	516	11810.490234	1831087.000000	974196.937500
