Gene ID	Gene Name	Reference	Strand	Start	End	Coverage	FPKM	TPM
MSTRG.4	-	SmelGIF_11.070	.	1	630	37.339687	5789.108887	3080.671875
MSTRG.5	-	SmelGIF_11.650	.	1	687	4.959243	768.876160	409.157166
MSTRG.2	-	SmelGIF_03	.	1	609	153.325119	23771.376953	12649.928711
MSTRG.3	-	SmelGIF_04	.	1	600	114.516670	17754.552734	9448.078125
MSTRG.1	-	SmelCyclo01	.	1	516	11810.490234	1831086.875000	974412.187500
