Gene ID	Gene Name	Reference	Strand	Start	End	Coverage	FPKM	TPM
STRG.1	-	SmelDMP_01.730	.	1	687	12.918487	2099.665771	1091.584229
STRG.2	-	SmelDMP_02_SMEL4.1_02g015810.1.01	.	1	630	12.512698	2033.712036	1057.296021
STRG.3	-	Smel18s_06.900	.	1	966	55.105591	8956.414062	4656.303711
STRG.4	-	SmelCyclo_01	.	1	516	11754.084961	1910413.250000	993194.875000
