Gene ID	Gene Name	Reference	Strand	Start	End	Coverage	FPKM	TPM
STRG.1	-	SmelDMP_01.730	.	1	687	30.228529	7311.320312	3884.903320
STRG.2	-	SmelDMP_02_SMEL4.1_02g015810.1.01	.	1	630	107.896828	26096.812500	13866.660156
STRG.3	-	Smel18s_06.900	.	1	966	84.953415	20547.531250	10918.024414
STRG.4	-	SmelCyclo_01	.	1	516	7557.945801	1828026.875000	971330.437500
