Gene ID	Gene Name	Reference	Strand	Start	End	Coverage	FPKM	TPM
STRG.1	-	SmelDMP_02_SMEL4.1_02g015810.1.01	.	1	630	14.284127	2104.960693	1129.257324
STRG.2	-	Smel18s_06.900	.	1	966	64.495857	9504.343750	5098.835938
STRG.3	-	SmelCyclo_01	.	1	516	12570.352539	1852412.875000	993771.937500
