Gene ID	Gene Name	Reference	Strand	Start	End	Coverage	FPKM	TPM
STRG.1	-	SmelGIF_11.650	.	229	687	10.912854	1095.231934	578.653137
STRG.2	-	SmelGIF_11.070	.	1	630	277.677765	27868.201172	14723.840820
STRG.3	-	SmelGIF_03	.	1	609	196.789825	19750.150391	10434.763672
STRG.4	-	SmelGIF_04	.	1	600	102.629997	10300.115234	5441.946777
STRG.5	-	SmelCyclo01	.	1	516	18271.048828	1833712.500000	968820.812500
