Gene ID	Gene Name	Reference	Strand	Start	End	Coverage	FPKM	TPM
MSTRG.5	-	SmelGIF_11.650	.	1	687	7.452693	747.964539	395.250916
MSTRG.4	-	SmelGIF_11.070	.	1	630	277.677765	27868.197266	14726.541016
MSTRG.2	-	SmelGIF_03	.	1	609	196.789825	19750.150391	10436.678711
MSTRG.3	-	SmelGIF_04	.	1	600	102.629997	10300.115234	5442.945801
MSTRG.1	-	SmelCyclo01	.	1	516	18271.048828	1833712.500000	968998.625000
