Gene ID	Gene Name	Reference	Strand	Start	End	Coverage	FPKM	TPM
STRG.1	-	SmelGIF_11.070	.	1	630	180.117462	38177.941406	21150.322266
STRG.2	-	SmelGIF_03	.	1	609	271.459778	57538.984375	31876.208984
STRG.3	-	SmelGIF_04	.	1	600	92.461670	19598.300781	10857.327148
STRG.4	-	SmelCyclo01	.	1	516	7972.023438	1689761.000000	936116.125000
