Gene ID	Gene Name	Reference	Strand	Start	End	Coverage	FPKM	TPM
MSTRG.5	-	SmelGIF_11.650	.	1	687	0.292576	62.015213	34.354603
MSTRG.4	-	SmelGIF_11.070	.	1	630	180.117462	38178.191406	21149.593750
MSTRG.2	-	SmelGIF_03	.	1	609	271.459778	57539.363281	31875.111328
MSTRG.3	-	SmelGIF_04	.	1	600	92.461670	19598.429688	10856.953125
MSTRG.1	-	SmelCyclo01	.	1	516	7972.023926	1689772.125000	936084.000000
