Gene ID	Gene Name	Reference	Strand	Start	End	Coverage	FPKM	TPM
STRG.1	-	SmelDMP_01.730	.	1	687	100.404655	15637.459961	8364.632812
STRG.2	-	SmelDMP_02_SMEL4.1_02g015810.1.01	.	1	623	8.479936	1320.702148	706.456848
STRG.3	-	SmelDMP_12	.	1	636	6.083333	947.444885	506.797699
STRG.4	-	Smel18s_06.900	.	1	966	89.068321	13871.889648	7420.211914
STRG.5	-	SmelCyclo_01	.	1	516	11799.437500	1837695.875000	983001.875000
