Gene ID	Gene Name	Reference	Strand	Start	End	Coverage	FPKM	TPM
STRG.1	-	SmelGIF_03	.	1	609	84.459770	19978.275391	10909.641602
STRG.2	-	SmelGIF_04	.	1	600	50.255001	11887.412109	6491.421875
STRG.3	-	SmelCyclo01	.	1	516	7586.833496	1799383.750000	982598.937500
