Gene ID	Gene Name	Reference	Strand	Start	End	Coverage	FPKM	TPM
MSTRG.4	-	SmelGIF_11.070	.	1	630	4.396825	1041.433228	568.345093
MSTRG.2	-	SmelGIF_03	.	1	609	84.459778	20005.166016	10917.491211
MSTRG.3	-	SmelGIF_04	.	1	600	50.255001	11903.414062	6496.092285
MSTRG.1	-	SmelCyclo01	.	1	516	7597.077637	1799446.125000	982018.062500
MSTRG.5	.	SmelGIF_11.650	.	1	687	0.0	0.0	0.0
