Gene ID	Gene Name	Reference	Strand	Start	End	Coverage	FPKM	TPM
STRG.1	-	SmelGIF_11.070	.	62	630	37.045692	10710.612305	5581.544922
STRG.2	-	SmelGIF_11.650	.	38	667	11.033334	3189.945801	1662.353638
STRG.3	-	SmelGIF_03	.	51	609	43.277283	12512.283203	6520.436035
STRG.4	-	SmelGIF_04	.	79	600	69.672417	20143.617188	10497.297852
STRG.5	-	SmelCyclo01	.	1	516	6476.147461	1872377.000000	975738.375000
