Gene ID	Gene Name	Reference	Strand	Start	End	Coverage	FPKM	TPM
MSTRG.4	-	SmelGIF_11.070	.	1	630	33.758732	9760.289062	5098.681641
MSTRG.5	-	SmelGIF_11.650	.	1	687	10.117905	2925.277832	1528.137329
MSTRG.2	-	SmelGIF_03	.	1	609	40.228245	11630.748047	6075.791504
MSTRG.3	-	SmelGIF_04	.	1	600	60.818333	17583.732422	9185.573242
MSTRG.1	-	SmelCyclo01	.	1	516	6476.147461	1872377.000000	978111.875000
