Gene ID	Gene Name	Reference	Strand	Start	End	Coverage	FPKM	TPM
STRG.1	-	SmelDMP_01.730	.	1	687	8.542940	2022.562500	1108.246826
STRG.2	-	SmelDMP_01.990	.	1	537	15.268156	3614.774414	1980.686401
STRG.3	-	SmelDMP_04	.	109	384	5.786232	1369.904907	750.628357
STRG.4	-	SmelDMP_02_SMEL4.1_02g015810.1.01	.	1	630	13.766666	3259.292725	1785.903198
STRG.5	-	SmelDMP_12	.	1	628	4.753185	1125.328491	616.614685
STRG.6	-	Smel18s_06.900	.	1	966	52.998966	12547.638672	6875.377441
STRG.7	-	SmelCyclo_01	.	1	516	7588.331543	1801071.500000	986882.562500
